,entity_submitter_id,file_id,sample_type
0,TCGA-Q1-A73Q-01A-21R-A32P-07,59f827f3-24f7-434a-a43e-b1567b13b743,Primary Tumor
1,TCGA-78-7156-01A-11R-2039-07,129f7ee5-6342-4a24-9317-d52462ce6a70,Primary Tumor
2,TCGA-44-6774-01A-21R-1858-07,3cd897bd-893e-4497-b9a5-56141816cff4,Primary Tumor
3,TCGA-91-6829-11A-01R-1858-07,3f441cc8-98bd-4650-b5ad-19ae8542b666,Solid Tissue Normal
4,TCGA-69-A59K-01A-11R-A262-07,36432508-6673-489b-aefe-d172b83abac2,Primary Tumor
5,TCGA-44-2665-01A-01R-A278-07,e8da0b02-8b75-4a85-b91a-6f8d1582a95c,Primary Tumor
6,TCGA-55-A490-01A-11R-A466-07,864c2830-c699-433c-bcba-20f0c692854a,Primary Tumor
7,TCGA-55-7816-01A-11R-2170-07,215f38d1-a17c-4189-97f6-ae20361b0f3f,Primary Tumor
8,TCGA-44-6147-01B-06R-A277-07,9a6d8661-241e-4a3e-a6fa-e2eb1962b758,Primary Tumor
9,TCGA-69-8453-01A-12R-2326-07,fe20855f-d3ce-4e02-b2dd-3df15eab44bf,Primary Tumor
10,TCGA-44-2665-01A-01R-0946-07,ba8aebd8-07de-46c0-a28f-b2408c36f07f,Primary Tumor
11,TCGA-49-AAR2-01A-11R-A39D-07,e37ffff5-f795-4ca9-b46b-f59344db48af,Primary Tumor
12,TCGA-69-7973-01A-11R-2187-07,577f10d0-c9a2-47c3-aa2f-b1bd5bd86d90,Primary Tumor
13,TCGA-44-6145-11A-01R-1858-07,bd98b566-f179-4be8-8b4d-672149eedcba,Solid Tissue Normal
14,TCGA-49-4501-01A-01R-1206-07,8b55c916-963b-41d6-b7ce-7e8ccf958c80,Primary Tumor
15,TCGA-49-4512-01A-21R-1858-07,e20ecad8-f22d-4e2d-99af-bc1be98c5128,Primary Tumor
16,TCGA-97-7553-01A-21R-2039-07,8a2d17e2-4ec1-42b6-8825-6d80ffe4b916,Primary Tumor
17,TCGA-91-6828-01A-11R-1858-07,afdf58d1-5814-4e78-a92e-26fbcc97da32,Primary Tumor
18,TCGA-44-5644-01A-21R-2039-07,23ab7447-ba7a-4947-bacf-2c0b209b38cf,Primary Tumor
19,TCGA-J2-8194-01A-11R-2241-07,d88c062b-3c19-46e9-92b8-b80f6c3eef56,Primary Tumor
20,TCGA-67-3771-01A-01R-0946-07,29bb005f-53d0-44e6-8626-d6bbe0dba8be,Primary Tumor
21,TCGA-78-8640-01A-11R-2403-07,169b5555-f64c-4bbd-9c07-af0c42ddb6aa,Primary Tumor
22,TCGA-55-7815-01A-11R-2170-07,5ecf82a3-8658-4a64-a14c-fc5d1d6f56f8,Primary Tumor
23,TCGA-78-7161-01A-11R-2039-07,a35c257e-f8b8-4d58-8ecb-92b1b0bc59f3,Primary Tumor
24,TCGA-75-6211-01A-11R-1755-07,667a9066-debb-4f43-94f7-3277e66d8991,Primary Tumor
25,TCGA-49-4514-01A-21R-1858-07,85c794c1-3fd0-4a10-a613-9db7eff3c78f,Primary Tumor
26,TCGA-MP-A4T4-01A-11R-A262-07,0344d3bb-8bb2-459e-bc1f-ba31c7470d08,Primary Tumor
27,TCGA-86-8668-01A-11R-2403-07,7f9624e7-0e7b-4a2b-8413-1737f0f7c1d0,Primary Tumor
28,TCGA-44-7667-01A-31R-2066-07,89bf9c33-c1b4-4786-821f-802cf36eed43,Primary Tumor
29,TCGA-05-5429-01A-01R-1628-07,2a9f6775-bb04-4262-9eb2-d64a8e027010,Primary Tumor
30,TCGA-MP-A4TE-01A-22R-A466-07,d8334fd5-d042-48b4-95f5-4d5e3c5166e9,Primary Tumor
31,TCGA-55-A493-01A-11R-A24H-07,af2c7fc6-003d-4c41-bba5-95a005699a57,Primary Tumor
32,TCGA-MP-A4TA-01A-21R-A24X-07,692a5c89-8f1a-4e23-a490-b092c6bb37c5,Primary Tumor
33,TCGA-55-6978-01A-11R-1949-07,deddc259-f962-468a-bfcf-60da1e695833,Primary Tumor
34,TCGA-J2-A4AG-01A-11R-A24H-07,bd820f5e-c8fd-4af5-b81c-2c51715cd759,Primary Tumor
35,TCGA-55-A494-01A-11R-A24X-07,4c37a5fe-812f-42ac-aa56-259b31df6894,Primary Tumor
36,TCGA-67-6216-01A-11R-1755-07,a5407526-9c45-427b-abcc-65d6e1f87158,Primary Tumor
37,TCGA-78-7535-01A-11R-2066-07,ad636e79-be59-4821-8303-7d2e7389b22f,Primary Tumor
38,TCGA-55-6985-01A-11R-1949-07,40dba5d9-ce2e-483b-b4a7-19fbca8158e5,Primary Tumor
39,TCGA-49-4506-01A-01R-1206-07,614afd6a-05ff-4914-896c-3ac4280e510d,Primary Tumor
40,TCGA-05-4430-01A-02R-1206-07,06d5f913-5f62-4200-8a51-26c8fa2052b4,Primary Tumor
41,TCGA-50-5933-11A-01R-1755-07,a71c722c-3483-4910-926d-c79b6c9a4e7d,Solid Tissue Normal
42,TCGA-62-A46R-01A-11R-A24H-07,12272d02-341e-43a2-aa23-7232a8dde730,Primary Tumor
43,TCGA-49-6744-11A-01R-1858-07,9c7f6057-8225-4447-adb3-aed12aa974ad,Solid Tissue Normal
44,TCGA-55-7281-01A-11R-2039-07,7f67633b-3eba-4891-94aa-b3e38f6927ae,Primary Tumor
45,TCGA-78-7220-01A-11R-2039-07,1098101e-1770-4055-ae41-d6c15e1c7b90,Primary Tumor
46,TCGA-44-3396-01A-01R-1206-07,bbb70a6e-a91c-4c67-9ec0-b33185ab4f8d,Primary Tumor
47,TCGA-80-5611-01A-01R-1628-07,1d8df3eb-b059-47f7-b3fa-f4eb3f568423,Primary Tumor
48,TCGA-44-6146-11A-01R-1858-07,efb3bf8d-7d14-42d6-8845-e81af909d47f,Solid Tissue Normal
49,TCGA-86-8056-01A-11R-2241-07,990303de-eff3-4418-b305-9bf63236826f,Primary Tumor
50,TCGA-73-4666-01A-01R-1206-07,7b3f1e0a-2d0a-40a6-9ccd-deb403fd2f16,Primary Tumor
51,TCGA-55-6983-11A-01R-1949-07,46ef57a2-e2ce-4ffe-9ce8-c043c6065863,Solid Tissue Normal
52,TCGA-95-7039-01A-11R-1949-07,8fadb6d4-de92-4301-9b6e-7dd857fec978,Primary Tumor
53,TCGA-75-5147-01A-01R-1628-07,a912206f-60e9-4564-9d84-db9c3ee75343,Primary Tumor
54,TCGA-55-8514-01A-11R-2403-07,44964e02-9283-4a48-a9e4-006a75d4120e,Primary Tumor
55,TCGA-05-4417-01A-22R-1858-07,62560d5c-0cae-4fc7-820a-9c1236eb2c80,Primary Tumor
56,TCGA-05-4426-01A-01R-1206-07,f1b1d4ff-2556-44c0-80b0-1fd3b659c227,Primary Tumor
57,TCGA-50-6590-01A-12R-1858-07,8e510682-b05c-4792-a149-d713db6d082d,Primary Tumor
58,TCGA-73-4676-01A-01R-1755-07,4320b770-69f3-4dd2-afea-8b7f7cdf44c2,Primary Tumor
59,TCGA-73-4676-11A-01R-1755-07,e4988cad-67b9-41a6-9640-2226d6b7424a,Solid Tissue Normal
60,TCGA-44-6778-11A-01R-1858-07,2d99f93c-797e-49a5-8892-a4e31e17b9c3,Solid Tissue Normal
61,TCGA-MP-A4SW-01A-21R-A24X-07,555bdfe8-80bb-46db-80f1-421038f5c2b4,Primary Tumor
62,TCGA-55-7910-01A-11R-2170-07,b5b3c685-304f-4279-904a-c86c18f61576,Primary Tumor
63,TCGA-50-5946-01A-11R-1755-07,caa4bc15-6e54-4d5e-9d91-c25e800b71b9,Primary Tumor
64,TCGA-35-5375-01A-01R-1628-07,0052ae83-7ae5-470a-a125-5cd94a9fa9e9,Primary Tumor
65,TCGA-75-7027-01A-11R-1949-07,b7b898c7-f63f-43d3-864a-406e842db2fe,Primary Tumor
66,TCGA-44-6777-01A-11R-1858-07,5f4fa91b-489e-4ac9-b685-53952f77bd7a,Primary Tumor
67,TCGA-44-6777-11A-01R-1858-07,a6298ad5-dd68-44f6-85cf-f1d2c7673aa3,Solid Tissue Normal
68,TCGA-78-7149-01A-11R-2039-07,c2accf79-6461-4082-b201-c6f881dc6ea2,Primary Tumor
69,TCGA-49-4510-01A-01R-1206-07,951f2356-17f4-4f4f-a8ec-855c7e93dce1,Primary Tumor
70,TCGA-50-5932-11A-01R-1755-07,75473987-65e2-43eb-a5bb-04cb7a40c902,Solid Tissue Normal
71,TCGA-55-A4DG-01A-11R-A24H-07,3baa9c28-dfb3-4ec3-9e3c-1d2f1421b00f,Primary Tumor
72,TCGA-62-A46P-01A-11R-A24H-07,0869efb9-b167-45af-8b2c-67433e39baad,Primary Tumor
73,TCGA-78-7155-01A-11R-2039-07,d7439e19-2ab4-4209-9628-16e6ae6bc11e,Primary Tumor
74,TCGA-L9-A743-01A-43R-A39D-07,51847dea-489f-4df9-84f8-26a6f2579620,Primary Tumor
75,TCGA-91-A4BC-01A-11R-A24H-07,32876f27-f304-4be0-8881-f9842a9fbb67,Primary Tumor
76,TCGA-44-4112-01A-01R-1107-07,1e2233cf-4391-433c-9ef0-c215056ad02e,Primary Tumor
77,TCGA-55-6971-01A-11R-1949-07,d72c21fe-ff33-4f1e-a138-420968f1daf4,Primary Tumor
78,TCGA-55-8511-01A-11R-2403-07,4b2e6f07-59e6-47c0-85ea-1e73f3354a01,Primary Tumor
79,TCGA-05-4395-01A-01R-1206-07,84f2b69e-86e5-4bf6-a11c-289b1971775f,Primary Tumor
80,TCGA-MP-A4TJ-01A-51R-A262-07,fc757476-1d31-470b-b648-79608b201bdc,Primary Tumor
81,TCGA-69-7978-01A-11R-2187-07,466db517-921b-47e8-b249-b4c9bd714bfd,Primary Tumor
82,TCGA-55-6987-01A-11R-1949-07,1860869f-ecb5-43ae-9714-328ff5748c2a,Primary Tumor
83,TCGA-55-7994-01A-11R-2187-07,69a379e5-c8ba-43ed-b267-bad111c851fb,Primary Tumor
84,TCGA-83-5908-01A-21R-2287-07,de0b900f-151a-4173-a070-3ec31ec05aed,Primary Tumor
85,TCGA-50-5068-01A-01R-1628-07,6d4fc521-df92-4d04-8118-d363ac31bfa8,Primary Tumor
86,TCGA-64-1676-01A-01R-0946-07,a62db40f-4e4f-496c-84ed-ab9500b89757,Primary Tumor
87,TCGA-86-7953-01A-11R-2187-07,8be349eb-2407-4f51-809a-ceb5542e0cf1,Primary Tumor
88,TCGA-93-A4JQ-01A-11R-A24X-07,44d8e988-1a2b-4588-a64a-cf5a6c164e03,Primary Tumor
89,TCGA-49-4486-01A-01R-1206-07,313f5ae9-bbea-41d6-82d5-9242b2610d91,Primary Tumor
90,TCGA-55-8508-01A-11R-2403-07,9f1c581d-42a9-4067-8b91-5d309457b5e8,Primary Tumor
91,TCGA-MN-A4N1-01A-11R-A24X-07,5ef157e9-bb3d-4214-a946-f5bc2bbf74b6,Primary Tumor
92,TCGA-50-5944-01A-11R-1755-07,36e8195f-72b1-4d87-9be5-a487689aba5e,Primary Tumor
93,TCGA-97-7938-01A-11R-2170-07,86757083-5e47-423f-91e3-5f2ad6779b27,Primary Tumor
94,TCGA-44-8117-01A-11R-2241-07,e6543906-a4e3-447c-8040-310979304204,Primary Tumor
95,TCGA-97-8174-01A-11R-2287-07,16dc015e-0f5b-4278-a0cb-9ae30a280161,Primary Tumor
96,TCGA-05-4420-01A-01R-1206-07,65b91a69-f98e-49b5-8f87-667dd0aeafdf,Primary Tumor
97,TCGA-91-6835-11A-01R-1858-07,b6d704be-2e8f-40cc-9c09-ffde6be5c814,Solid Tissue Normal
98,TCGA-05-4390-01A-02R-1755-07,780617e8-6a28-4774-b1e6-3135e1932327,Primary Tumor
99,TCGA-99-AA5R-01A-11R-A39D-07,30e51b69-6778-4125-bb18-86694d42a6e9,Primary Tumor
100,TCGA-55-8208-01A-11R-2241-07,87b32d0a-6e9c-466d-a563-688142d3df95,Primary Tumor
101,TCGA-75-6214-01A-41R-1949-07,ef2621f5-ec61-42ee-879f-9d7615372a5e,Primary Tumor
102,TCGA-50-6597-01A-11R-1858-07,f6582ef5-5f6d-41d7-850a-614257c9e3b2,Primary Tumor
103,TCGA-44-2662-01A-01R-0946-07,2bf191f1-b880-427e-996c-0e75df13d738,Primary Tumor
104,TCGA-91-6847-11A-01R-1949-07,9f01664c-19be-4841-afb4-297483d22ec8,Solid Tissue Normal
105,TCGA-55-7995-01A-11R-2187-07,754343b4-f9f5-478a-a076-2791b8857c3e,Primary Tumor
106,TCGA-95-8494-01A-11R-2326-07,b7006975-82c2-4fcc-855d-5ef024ef3d4f,Primary Tumor
107,TCGA-95-7562-01A-11R-2241-07,d2000aa0-a3c5-4155-8995-80ec5f4436e2,Primary Tumor
108,TCGA-97-8175-01A-11R-2287-07,6525f4e0-ba79-4576-89b3-df0ab6e45309,Primary Tumor
109,TCGA-69-7760-01A-11R-2170-07,d21e7461-c76d-4ae7-be02-313c3c34118d,Primary Tumor
110,TCGA-50-5941-01A-11R-1755-07,27450388-ffc7-4812-b5b4-9819b0a74a0b,Primary Tumor
111,TCGA-55-6975-01A-11R-1949-07,385d903b-bab4-4c2e-8334-3a304d1a56fa,Primary Tumor
112,TCGA-38-7271-01A-11R-2039-07,81d92351-c619-4585-9281-de33eaaabba4,Primary Tumor
113,TCGA-55-8085-01A-11R-2241-07,74b6cce1-6a5b-4f86-8f41-d842106bfe8f,Primary Tumor
114,TCGA-55-8094-01A-11R-2241-07,51ec5a15-11e8-435a-a3e0-2a99690309b9,Primary Tumor
115,TCGA-78-7537-01A-11R-2066-07,25857230-7253-4929-a790-90815194b213,Primary Tumor
116,TCGA-L9-A7SV-01A-11R-A39D-07,a9e3a464-50ea-49a0-9482-1513ed167bf4,Primary Tumor
117,TCGA-55-1592-01A-01R-0946-07,b9ac77d6-9a1b-443d-8ef5-e8ef2e3008dd,Primary Tumor
118,TCGA-35-4122-01A-01R-1107-07,58dcd45a-714f-4a22-b367-813dd41829de,Primary Tumor
119,TCGA-55-6981-01A-11R-1949-07,a777fb14-4498-4f32-bccb-1e8521567302,Primary Tumor
120,TCGA-93-A4JO-01A-21R-A24X-07,2ab0f01f-2f66-4489-9de7-2a0d61b6ea04,Primary Tumor
121,TCGA-50-5055-01A-01R-1628-07,fdcad604-c1b4-40ff-a652-3c1e5fe5f9a1,Primary Tumor
122,TCGA-L9-A443-01A-12R-A24H-07,9796354a-6ac6-466b-a82b-f1e9785bc447,Primary Tumor
123,TCGA-55-A48Z-01A-12R-A24X-07,bae11f13-84a4-4fe3-b9e4-9d48b74896af,Primary Tumor
124,TCGA-55-6968-01A-11R-1949-07,883bbed6-0216-48c2-9694-5dba83ce65c7,Primary Tumor
125,TCGA-97-A4M6-01A-11R-A24X-07,975121d2-ba5d-4b2c-bd50-278311c7144a,Primary Tumor
126,TCGA-78-7145-01A-11R-2039-07,50966d1a-3934-4fb5-9fc4-71f399cf5105,Primary Tumor
127,TCGA-44-2668-01A-01R-0946-07,f47927c5-e1e9-4152-9817-79aa6e64111a,Primary Tumor
128,TCGA-75-7031-01A-11R-1949-07,bb69e798-8c83-4c12-b622-3155e1972e6f,Primary Tumor
129,TCGA-86-8669-01A-11R-2403-07,508c6166-6095-4133-a42a-79d75b0c0e31,Primary Tumor
130,TCGA-44-A47A-01A-21R-A24H-07,2bbe47a1-f055-43e7-94d3-06aafb5af6e8,Primary Tumor
131,TCGA-91-A4BD-01A-11R-A24H-07,1529d8e6-10d2-4e7c-bfb1-66820434c835,Primary Tumor
132,TCGA-99-8033-01A-11R-2241-07,22cae278-eb88-4685-9ff7-667e53b50a34,Primary Tumor
133,TCGA-75-6203-01A-11R-1755-07,64101504-305f-4c62-bc27-40493e3c9575,Primary Tumor
134,TCGA-55-A57B-01A-12R-A39D-07,aca8bace-37c5-4ec0-958c-13907ae97d1f,Primary Tumor
135,TCGA-05-4249-01A-01R-1107-07,320660cd-100a-4f5a-a604-4de3ced7f042,Primary Tumor
136,TCGA-44-3398-11B-01R-1758-07,5d65e761-0cb3-4e52-b14f-79be5850dba4,Solid Tissue Normal
137,TCGA-44-3398-01A-01R-1107-07,f73807f5-edf8-4a4d-8550-048d9c5413e5,Primary Tumor
138,TCGA-55-8203-01A-11R-2241-07,c96036a1-2f21-47fc-a5ea-54389bf26502,Primary Tumor
139,TCGA-50-5044-01A-21R-1858-07,db61f20e-e44a-4992-a9f6-b54fc2dedfb6,Primary Tumor
140,TCGA-44-3396-11A-01R-1758-07,f8cee5c6-bfd7-439d-8ba7-20ee2dfa5d68,Solid Tissue Normal
141,TCGA-50-5066-02A-11R-2090-07,347db78b-ddfc-46ed-9fe4-0ca52ac432ef,Recurrent Tumor
142,TCGA-MP-A4T7-01A-11R-A24X-07,d54e9279-578f-40cd-8e55-fbd7af5279dd,Primary Tumor
143,TCGA-44-3917-01A-01R-A278-07,b0b5b05d-f782-449d-94cf-8fd74a4bd30c,Primary Tumor
144,TCGA-44-2659-01A-01R-0946-07,dc8e99bb-f021-44e4-8c60-213405ee156a,Primary Tumor
145,TCGA-44-2656-01A-02R-A278-07,201c0fbc-124c-4ef0-b767-393443a47892,Primary Tumor
146,TCGA-86-8279-01A-11R-2287-07,5dd8168d-fe35-4a32-8520-1deaef953b10,Primary Tumor
147,TCGA-55-8510-01A-11R-2403-07,da428df4-37ee-43d6-9090-7b94d67968e9,Primary Tumor
148,TCGA-38-4630-01A-01R-1206-07,739b3fc4-0924-4d13-aecc-acc93cb9f486,Primary Tumor
149,TCGA-97-A4M1-01A-11R-A24X-07,b53ceb0c-a338-46e2-a0e6-224dec5ea807,Primary Tumor
150,TCGA-53-7624-01A-11R-2066-07,1120d776-47df-4f72-862e-427d3c44dd43,Primary Tumor
151,TCGA-50-5930-01A-11R-1755-07,df504497-a30e-4a11-a62f-dcb46e741dfb,Primary Tumor
152,TCGA-78-8660-01A-11R-2403-07,c97d6c2a-9866-4893-8cff-ee747c4a4550,Primary Tumor
153,TCGA-93-7348-01A-21R-2039-07,bfecde55-3ed3-4977-899b-d7c22b6df15b,Primary Tumor
154,TCGA-86-A4D0-01A-11R-A24H-07,15a57d06-841c-473e-b89e-389f1df3504a,Primary Tumor
155,TCGA-55-8096-01A-11R-2241-07,18be89fe-3383-45a2-9c0e-b1246e88c82d,Primary Tumor
156,TCGA-62-A46U-01A-11R-A24H-07,fb60fc57-836c-42e1-bc96-042b82d1a878,Primary Tumor
157,TCGA-50-5932-01A-11R-1755-07,b080156e-0711-42f5-83c7-a34de25cbba9,Primary Tumor
158,TCGA-50-6673-01A-11R-1949-07,404b3699-4707-49aa-b0d2-a0999bbd48e6,Primary Tumor
159,TCGA-55-8089-01A-11R-2241-07,8af996d7-2c5e-4d17-b1a5-8751f4784eba,Primary Tumor
160,TCGA-55-6712-01A-11R-1858-07,dba9c344-546c-49db-91df-abd25ae4b0cc,Primary Tumor
161,TCGA-55-8097-01A-11R-2241-07,87b1a89f-591c-4d6b-929d-2eae2951740e,Primary Tumor
162,TCGA-55-6970-11A-01R-1949-07,89bdfb20-8991-4bc4-b112-6e9be096b566,Solid Tissue Normal
163,TCGA-55-6970-01A-11R-1949-07,9bf51961-c60a-43df-87eb-a64dae9e4e10,Primary Tumor
164,TCGA-44-4112-01B-06R-A277-07,978939fa-a27f-46ff-9120-7a43e3588b28,Primary Tumor
165,TCGA-50-5935-11A-01R-1858-07,2ff24c33-39c6-4171-af42-f54e4ee8b021,Solid Tissue Normal
166,TCGA-67-3772-01A-01R-0946-07,58b3d72d-6cff-4c5c-9317-13d88cd17b79,Primary Tumor
167,TCGA-86-6851-01A-11R-1949-07,24fa0c9f-c679-486d-846a-66fbc8d30b0a,Primary Tumor
168,TCGA-55-7725-01A-11R-2170-07,6ac6539b-76a3-4b1c-8da3-6d621308454a,Primary Tumor
169,TCGA-91-6849-11A-01R-1949-07,bb64143e-c48a-45c7-914b-4ec5bcea9e27,Solid Tissue Normal
170,TCGA-44-6148-11A-01R-1858-07,4756b201-87c2-4428-b2cd-f933422fe8cf,Solid Tissue Normal
171,TCGA-05-5423-01A-01R-1628-07,b0dc4a18-3099-46fc-a518-9e411c6c15f3,Primary Tumor
172,TCGA-64-5815-01A-01R-1628-07,21285d92-3596-4a82-91ae-a99e22479a3c,Primary Tumor
173,TCGA-97-A4LX-01A-11R-A24X-07,0f37f5ba-3582-4c61-8c70-bf9b0ede6e71,Primary Tumor
174,TCGA-50-6591-01A-11R-1755-07,41e96482-bc24-4a1a-8ef2-8ef4d525ad40,Primary Tumor
175,TCGA-05-4433-01A-22R-1858-07,3aa81439-d4cc-41ef-9568-e6a11c8b1b52,Primary Tumor
176,TCGA-MN-A4N4-01A-12R-A24X-07,7abd9747-a947-4b15-b51c-c82cda9f065c,Primary Tumor
177,TCGA-50-6592-01A-11R-1755-07,371fd35f-eb3c-4346-8197-8ecf4c9ce220,Primary Tumor
178,TCGA-05-4427-01A-21R-1858-07,4297f902-2495-48fb-af36-31e61f727215,Primary Tumor
179,TCGA-97-7547-01A-11R-2039-07,7f70c9bb-a18a-45e8-8177-34145a6c0dc9,Primary Tumor
180,TCGA-05-4389-01A-01R-1206-07,7d27e93b-f225-4b30-91b7-5b968d04d783,Primary Tumor
181,TCGA-62-A46Y-01A-11R-A24H-07,b45e937f-da60-4259-8fa2-e64ee4fdbe95,Primary Tumor
182,TCGA-44-2666-01A-01R-0946-07,52363b7b-f157-4fbe-8388-169b6152c9fe,Primary Tumor
183,TCGA-78-7542-01A-21R-2066-07,72d9c332-92e3-4f9c-899d-1de9969b1bd6,Primary Tumor
184,TCGA-44-6147-11A-01R-1858-07,bdae198f-aedf-46cc-8156-c1ec37eac88f,Solid Tissue Normal
185,TCGA-44-6147-01A-11R-A278-07,3c9960fd-92f3-4bab-9771-933c95edc37f,Primary Tumor
186,TCGA-50-6595-01A-12R-1858-07,0e9c2659-4131-4274-b0b4-3e191239f5f3,Primary Tumor
187,TCGA-86-8585-01A-11R-2403-07,71ac888b-0acc-4cfd-a21a-4c9ff8d06bf9,Primary Tumor
188,TCGA-62-8397-01A-11R-2326-07,bca264e4-3883-409f-ad4e-f56f81c7c93e,Primary Tumor
189,TCGA-64-1678-01A-01R-0946-07,82e982fc-138a-48f8-8127-fb20caa019a2,Primary Tumor
190,TCGA-50-5045-01A-01R-1628-07,e4bb1f41-bf42-43f3-aba5-98f3a02a7e03,Primary Tumor
191,TCGA-97-8176-01A-11R-2403-07,f201ba16-5cb7-42d0-9865-e413fffa3532,Primary Tumor
192,TCGA-75-6212-01A-11R-1755-07,bb5264e1-0dbf-4b28-9fbe-0a8602c13369,Primary Tumor
193,TCGA-55-7724-01A-11R-2170-07,69e97c5b-4c8a-4710-a0f6-48ebfd917f5a,Primary Tumor
194,TCGA-50-6594-01A-11R-1755-07,f7c8bdd7-48f6-4ecd-a4ae-78ffcb2fb28d,Primary Tumor
195,TCGA-71-8520-01A-11R-2403-07,d23c89e5-b295-40b7-a5e8-ee1d4a584dd4,Primary Tumor
196,TCGA-64-5779-01A-01R-1628-07,b817c1a8-7e62-423e-b7e0-eb9136fe0455,Primary Tumor
197,TCGA-05-5425-01A-02R-1628-07,26ea6a31-ea33-4bb9-814f-c0840dafe69e,Primary Tumor
198,TCGA-69-7761-01A-11R-2170-07,36101746-9c10-478e-96fb-8b47d057a6d4,Primary Tumor
199,TCGA-MP-A4T9-01A-11R-A24X-07,8ddad1cb-d2ab-4fbf-865e-f134fcce0194,Primary Tumor
200,TCGA-55-7907-01A-11R-2170-07,94d8b11e-0198-4f40-987a-44691b3b03fa,Primary Tumor
201,TCGA-55-8090-01A-11R-2241-07,2f6e63bb-17bd-4b53-8666-45c7159aa1f4,Primary Tumor
202,TCGA-97-7554-01A-11R-2039-07,f19a1a66-ddc9-4567-80db-d009bb455b25,Primary Tumor
203,TCGA-J2-A4AD-01A-11R-A24H-07,911a72ec-dcb3-4454-8f22-7bd4f9d29b21,Primary Tumor
204,TCGA-86-8076-01A-31R-2241-07,dd6ec250-8d4d-4129-9664-7451c1760f4b,Primary Tumor
205,TCGA-50-8460-01A-11R-2326-07,3d6cb261-d0c4-4e98-8918-d7d678cb97ae,Primary Tumor
206,TCGA-50-7109-01A-11R-2039-07,e173308d-ac80-4c15-9b0e-e5cb09321a56,Primary Tumor
207,TCGA-86-7713-01A-11R-2066-07,db0caa6a-e863-4dad-a911-0c69127be9df,Primary Tumor
208,TCGA-49-AAR9-01A-21R-A41B-07,1bcb7da3-a08e-4f9d-a960-fe7bdfe4222c,Primary Tumor
209,TCGA-73-7499-01A-11R-2187-07,cba15984-128b-4bd9-8202-14afbf1f74b2,Primary Tumor
210,TCGA-05-4396-01A-21R-1858-07,5ddf8f4a-edd8-4b97-8d4d-76655d9018c5,Primary Tumor
211,TCGA-44-2668-11A-01R-1758-07,55831884-c907-457d-bb2c-7c7b3f7c4cd1,Solid Tissue Normal
212,TCGA-05-4432-01A-01R-1206-07,2281a9d6-bd48-418a-9ad1-04b06a251e47,Primary Tumor
213,TCGA-69-7764-01A-11R-2170-07,09f9f414-db5b-4b54-9e8e-234bf9d7c678,Primary Tumor
214,TCGA-99-8028-01A-11R-2241-07,490ee22a-f171-4f7f-9d49-835afe7388c1,Primary Tumor
215,TCGA-55-7728-01A-11R-2187-07,a43e0f24-382c-431f-9bdb-94b3fa5c52a1,Primary Tumor
216,TCGA-86-7954-01A-11R-2187-07,cb59cd67-2756-45e1-80c7-67ad6d6823d4,Primary Tumor
217,TCGA-O1-A52J-01A-11R-A262-07,7a176670-7636-4329-951b-c118b816cfca,Primary Tumor
218,TCGA-69-8253-01A-11R-2287-07,15998b11-5041-4e2d-94d9-cf714c796c13,Primary Tumor
219,TCGA-69-7980-01A-11R-2187-07,6feef177-114c-4285-b242-481fe0aea551,Primary Tumor
220,TCGA-55-A48Y-01A-11R-A24H-07,8d308359-6f2a-4c2a-a2e7-b1a3b8d79de9,Primary Tumor
221,TCGA-49-6742-01A-11R-1858-07,a03c9de0-7526-4942-8a7a-5fe03ea191f6,Primary Tumor
222,TCGA-53-7813-01A-11R-2170-07,9835daf0-92cc-4237-838d-b122a15aa1f1,Primary Tumor
223,TCGA-97-7552-01A-11R-2039-07,932ccb56-ad41-40a0-9ab3-21f490c60af5,Primary Tumor
224,TCGA-49-4487-01A-21R-1858-07,42be8d70-f8a0-49ea-94a9-58e320337843,Primary Tumor
225,TCGA-53-A4EZ-01A-12R-A24X-07,360ebab8-859c-4286-b613-befa0fa306f0,Primary Tumor
226,TCGA-44-5643-01A-01R-1628-07,db07bd22-cf7a-4504-9491-1bdeb1e14339,Primary Tumor
227,TCGA-78-7147-01A-11R-2039-07,4dbd91d6-8d7b-4e6d-9dc1-3347c3f3996d,Primary Tumor
228,TCGA-44-3919-01A-02R-1107-07,55bbaa27-e618-48d6-bac3-80e9cfbcdf2c,Primary Tumor
229,TCGA-55-6983-01A-11R-1949-07,26c96b62-02b6-4108-9a2d-bec3d880db2a,Primary Tumor
230,TCGA-78-8662-01A-11R-2403-07,06a639d9-ade5-4cbb-91b0-a41449ce4f49,Primary Tumor
231,TCGA-86-8278-01A-11R-2287-07,4b98f37e-33fc-4bf0-b6cd-4c900bcc9d2a,Primary Tumor
232,TCGA-NJ-A4YQ-01A-11R-A262-07,140633c2-a8e9-4a2d-a044-082cd099ff98,Primary Tumor
233,TCGA-67-3773-01A-01R-0946-07,269a7c8d-f4d6-4f1a-a85b-874934f214b9,Primary Tumor
234,TCGA-97-8179-01A-11R-2287-07,2e2eb2df-d002-49ac-86e7-5ed33e9eabf3,Primary Tumor
235,TCGA-MP-A4TF-01A-11R-A262-07,ed3bcbbc-0f04-415f-a083-e34cefa9e310,Primary Tumor
236,TCGA-62-A471-01A-12R-A24H-07,03680aea-84a2-4775-bb9c-24f8c5907247,Primary Tumor
237,TCGA-62-A46O-01A-11R-A24H-07,63a884f4-0d20-4cb5-b485-72e066b6490f,Primary Tumor
238,TCGA-05-4424-01A-22R-1858-07,07a53d2a-ebf6-4517-880a-064bae5ee972,Primary Tumor
239,TCGA-78-7539-01A-11R-2066-07,27884724-a2c0-4b3e-921a-54e5f8bf1faa,Primary Tumor
240,TCGA-86-8074-01A-11R-2241-07,64c35a37-5b92-4e2e-831d-9bbe50401dd5,Primary Tumor
241,TCGA-44-6779-01A-11R-1858-07,254bed99-398d-4c34-a804-67516d257e70,Primary Tumor
242,TCGA-64-5774-01A-01R-1628-07,db9bab18-a465-445f-a4fd-dc90faa1da6d,Primary Tumor
243,TCGA-86-7955-01A-11R-2187-07,97541ffe-94e7-4130-9bac-65528de8d6f5,Primary Tumor
244,TCGA-05-4434-01A-01R-1206-07,25f44be3-2e4f-4121-ac23-21bd3866dbce,Primary Tumor
245,TCGA-86-8672-01A-21R-2403-07,3362c701-3af3-4947-983a-6039b67d1526,Primary Tumor
246,TCGA-MP-A4TH-01A-31R-A262-07,9ee64463-e09f-4983-b83d-a6a5481cab9a,Primary Tumor
247,TCGA-86-8674-01A-21R-2403-07,3604ee2d-3fdc-40fa-95ab-a3f420334ac5,Primary Tumor
248,TCGA-62-8398-01A-11R-2326-07,76cc364e-8214-4a17-8083-9ea80e74c400,Primary Tumor
249,TCGA-S2-AA1A-01A-12R-A39D-07,deb2d529-5ea7-4a41-be07-f9239d7ac759,Primary Tumor
250,TCGA-95-7043-01A-11R-1949-07,d3f1b81f-37ce-47b6-b98d-8530076007c7,Primary Tumor
251,TCGA-49-AAR3-01A-11R-A41B-07,842cb3d6-6ca5-4924-a7bb-98720352b548,Primary Tumor
252,TCGA-38-6178-01A-11R-1755-07,ace52699-f049-4a11-ab3d-ce3719c62e41,Primary Tumor
253,TCGA-97-8172-01A-11R-2287-07,942673a7-5072-466f-985c-42d38aeb5c2c,Primary Tumor
254,TCGA-91-6836-01A-21R-1858-07,e7ae9253-4c2d-41bd-9d3a-c37e9841f479,Primary Tumor
255,TCGA-67-3774-01A-01R-0946-07,d00354a6-0cdd-42c0-8d0c-1f87f4fdc843,Primary Tumor
256,TCGA-78-7166-01A-12R-2066-07,41f852c7-01e8-46b3-8082-da2e00a4ef9d,Primary Tumor
257,TCGA-44-2661-01A-01R-1107-07,c3e2e99a-537a-4263-a835-fef5ed2c3588,Primary Tumor
258,TCGA-78-7159-01A-11R-2039-07,e0d8cd2d-967f-4b04-afa9-3aca54bcaf5d,Primary Tumor
259,TCGA-38-4632-11A-01R-1755-07,54a00dd0-503f-471f-88e4-8d6fcdcf8483,Solid Tissue Normal
260,TCGA-38-4632-01A-01R-1755-07,665a7af8-9c2d-4a31-9a22-da89fc7107b2,Primary Tumor
261,TCGA-97-8552-01A-11R-2403-07,63f5b69e-2307-4be6-98e4-b0f57b6394d0,Primary Tumor
262,TCGA-67-3770-01A-01R-0946-07,67543f50-3821-4723-842d-3924b9a32142,Primary Tumor
263,TCGA-50-5935-01A-11R-1755-07,d3d249ab-0483-4e9c-99f3-07afb5b6dabc,Primary Tumor
264,TCGA-44-7670-01A-11R-2066-07,c69e8ef1-57a7-439a-9b05-66f14b019322,Primary Tumor
265,TCGA-55-8206-01A-11R-2241-07,901c6ff1-19bf-48d8-894d-766f1995a916,Primary Tumor
266,TCGA-91-6849-01A-11R-1949-07,ad8bf3fe-2831-4c1c-81f9-c65e09b2d45e,Primary Tumor
267,TCGA-44-7669-01A-21R-2066-07,9ffe8343-d98f-4c5f-b29a-cbcbdac0c008,Primary Tumor
268,TCGA-78-7152-01A-11R-2039-07,bec02792-06e1-4789-871d-b5b4a5989786,Primary Tumor
269,TCGA-44-6775-01A-11R-1858-07,beb3712d-76e3-4c3a-becb-c94048ea8a7f,Primary Tumor
270,TCGA-44-6775-01C-02R-A277-07,b9610938-1f47-4556-ae92-794df8ae6401,Primary Tumor
271,TCGA-91-6840-01A-11R-1949-07,94861d8a-3b40-4334-9fb5-c9df71a1e1da,Primary Tumor
272,TCGA-49-AAR4-01A-12R-A41B-07,3ceb828a-3612-46e8-89c5-397cb20e5356,Primary Tumor
273,TCGA-38-4627-11A-01R-1758-07,5a37129a-9672-4fda-8576-e7de1db7b2c2,Solid Tissue Normal
274,TCGA-55-8620-01A-11R-2403-07,0c212a58-9a27-4850-bb22-540502e893dc,Primary Tumor
275,TCGA-50-5072-01A-21R-1858-07,148c1368-6302-4daf-b389-2c92f5da0529,Primary Tumor
276,TCGA-50-5049-01A-01R-1628-07,3361d7bc-344b-44b2-97bd-ac0dc79b221f,Primary Tumor
277,TCGA-44-2666-01B-02R-A277-07,f0890456-1013-4e8a-9132-f05e2a1be5f2,Primary Tumor
278,TCGA-67-4679-01B-01R-1755-07,77b2c8e8-d630-4b66-be6e-db594df4e0ec,Primary Tumor
279,TCGA-44-2666-01A-01R-A278-07,36c7d3a4-193f-49fd-b367-e7aacc4eebe2,Primary Tumor
280,TCGA-05-4405-01A-21R-1858-07,9dffc7c0-da78-48a9-b438-a4886a45048e,Primary Tumor
281,TCGA-MP-A4T6-01A-32R-A262-07,48d5fe32-37ca-4717-af64-1343a3561849,Primary Tumor
282,TCGA-38-4625-11A-01R-1758-07,661b6fed-d56a-452b-adaa-4b48ee9f4dbb,Solid Tissue Normal
283,TCGA-53-7626-01A-12R-2066-07,f8670621-43a9-491c-81b7-8999ca9975a7,Primary Tumor
284,TCGA-44-2662-11A-01R-1758-07,a4377fa6-f7e2-4289-ac2d-3cc87b6cc289,Solid Tissue Normal
285,TCGA-55-7913-01B-11R-2241-07,a0fce6cc-a525-4970-82b7-8512bb0708b3,Primary Tumor
286,TCGA-50-6595-11A-01R-1858-07,f700b996-2ccf-4f59-9249-da7f087054ba,Solid Tissue Normal
287,TCGA-55-8614-01A-11R-2403-07,d2436cea-20c9-4c32-98d3-61eb445865be,Primary Tumor
288,TCGA-95-8039-01A-11R-2241-07,030d778f-ecb4-44eb-8baa-4286e18c9fdd,Primary Tumor
289,TCGA-44-6147-01A-11R-1755-07,9a64a124-9787-4378-ba01-b79aa183f25f,Primary Tumor
290,TCGA-97-7937-01A-11R-2170-07,6508912f-5f91-43e6-8e63-9233bf3e81eb,Primary Tumor
291,TCGA-49-AARQ-01A-11R-A41B-07,82a68e91-48cc-400b-8520-4abcbff1a163,Primary Tumor
292,TCGA-80-5607-01A-31R-1949-07,ac9d6b6d-37e9-44ca-9f70-0e6351c39341,Primary Tumor
293,TCGA-55-6979-11A-01R-1949-07,3ce6800e-9df0-45a7-9e18-7e141911e4e9,Solid Tissue Normal
294,TCGA-44-3918-01A-01R-1107-07,cc1174cd-f902-46f0-9e69-b285b2b1317c,Primary Tumor
295,TCGA-38-4626-11A-01R-1758-07,e6e83fd4-2f80-44e1-8dce-588a37308dbb,Solid Tissue Normal
296,TCGA-38-4628-01A-01R-1206-07,8cdb3ed5-5922-4833-b255-30d9322f8fe9,Primary Tumor
297,TCGA-86-8673-01A-11R-2403-07,ece9f585-2710-4e10-b292-c5fbf588eda9,Primary Tumor
298,TCGA-55-6972-01A-11R-1949-07,68b00cb6-4335-4c64-a3e0-0c29ed574480,Primary Tumor
299,TCGA-86-8359-01A-11R-2326-07,bae501f3-c0ba-4646-8027-0623869176f4,Primary Tumor
300,TCGA-91-8499-01A-11R-2403-07,249b6388-cdcd-477a-9461-cf0e41146230,Primary Tumor
301,TCGA-75-6207-01A-11R-1755-07,576ad342-ce70-4c3c-b69d-8f1f5c4cd358,Primary Tumor
302,TCGA-49-6761-11A-01R-1949-07,ca8dc4e0-e8d2-4574-b3a0-74b058bd2b96,Solid Tissue Normal
303,TCGA-49-4507-01A-01R-1206-07,43b8c3f7-2d0b-4020-807d-b7386825ecc0,Primary Tumor
304,TCGA-91-6828-11A-01R-1858-07,2fe6f165-3396-4abd-a0cd-07968d826828,Solid Tissue Normal
305,TCGA-05-4410-01A-21R-1858-07,38259364-ebcb-4f5f-8471-8ffe7e3267a7,Primary Tumor
306,TCGA-NJ-A55A-01A-11R-A262-07,5eefc0d2-90b4-495f-803b-cfe9f158b980,Primary Tumor
307,TCGA-50-5939-11A-01R-1628-07,81152340-ffac-4122-8b21-bef3a474a18e,Solid Tissue Normal
308,TCGA-55-7283-01A-11R-2039-07,cce2b6af-bff9-4ad0-805d-b32aa6fae985,Primary Tumor
309,TCGA-44-7661-01A-11R-2066-07,906a6a3f-91ce-4433-9a0d-e010a61782f0,Primary Tumor
310,TCGA-50-5942-01A-21R-1755-07,361e4878-4535-499d-9987-7295a078bbee,Primary Tumor
311,TCGA-44-5645-11A-01R-1628-07,df86c451-62c7-43bc-9b11-463181a5a98a,Solid Tissue Normal
312,TCGA-05-4402-01A-01R-1206-07,2e0c7cfb-2794-4c86-b43e-8215c39186d8,Primary Tumor
313,TCGA-44-5645-01A-01R-1628-07,5601dc73-ba9b-4f53-95ef-5fc3de23640c,Primary Tumor
314,TCGA-55-6981-11A-01R-1949-07,aab3583f-37ca-4f2f-8428-aa8eda2c2274,Solid Tissue Normal
315,TCGA-44-6776-01A-11R-1858-07,736227d9-3cee-40ed-bdec-0e88968ef179,Primary Tumor
316,TCGA-05-4397-01A-01R-1206-07,ba3e1d1e-3193-4770-9c57-b4ff1502af38,Primary Tumor
317,TCGA-MP-A4TK-01A-11R-A24X-07,7a59e84b-2d4a-4148-966d-7eadeb61ef38,Primary Tumor
318,TCGA-55-6968-11A-01R-1949-07,29dd3ad7-f2c6-4abf-8e81-6734e4bd8a6a,Solid Tissue Normal
319,TCGA-64-1679-01A-21R-2066-07,503df94c-0048-4f7b-b957-3f8304be73f0,Primary Tumor
320,TCGA-78-7536-01A-11R-2066-07,7cf36ebf-b16e-49ac-bcc4-b127b1f2a3da,Primary Tumor
321,TCGA-L9-A8F4-01A-11R-A39D-07,8be16a1a-383f-4365-b1e5-139b1625e3ce,Primary Tumor
322,TCGA-49-4490-11A-01R-1858-07,eac45bfd-6795-47a4-8d6b-5a7c8bc76cd1,Solid Tissue Normal
323,TCGA-64-1680-01A-02R-0946-07,505bfb1f-dc96-4f7e-ba2c-8e20eb0e1f6c,Primary Tumor
324,TCGA-55-6985-11A-01R-1949-07,6c20a899-c806-46d0-b744-a26e53a9cb45,Solid Tissue Normal
325,TCGA-78-7158-01A-11R-2039-07,1d7b2b60-11d7-4803-8c7f-45fc6ce45a25,Primary Tumor
326,TCGA-78-8648-01A-11R-2403-07,ab3c7d7c-7ad0-4f26-9991-ddd288598936,Primary Tumor
327,TCGA-50-5933-01A-11R-1755-07,a412b415-0692-4adf-8447-067ad69913d7,Primary Tumor
328,TCGA-86-7711-01A-11R-2066-07,8b071bf3-0d85-4aba-aa46-d0800dcc8640,Primary Tumor
329,TCGA-35-3615-01A-01R-0946-07,9726aa3d-8a66-4568-92e5-c092c05a9a5d,Primary Tumor
330,TCGA-91-8496-01A-11R-2403-07,12f5eaa4-9f64-4465-bfa6-3d9307e9f980,Primary Tumor
331,TCGA-62-A470-01A-11R-A24H-07,51f545d2-3da2-46c1-9ed4-204133701dad,Primary Tumor
332,TCGA-44-6146-01B-04R-A277-07,e21fc8e8-1f42-4c08-a54b-0bcc0f70d816,Primary Tumor
333,TCGA-55-7726-01A-11R-2170-07,9711a58c-08fc-428f-93a1-3d3db7df213e,Primary Tumor
334,TCGA-44-3917-01B-02R-A277-07,88885dc7-5edd-4fac-95f8-9586880078a8,Primary Tumor
335,TCGA-49-4494-01A-01R-1206-07,3c0ce8a7-a730-4f1a-9e03-335b3e36849b,Primary Tumor
336,TCGA-55-6642-01A-11R-1858-07,40e350a6-fda3-43ff-9405-bda7a7c534ae,Primary Tumor
337,TCGA-99-8025-01A-11R-2241-07,515aa64c-316b-497e-b877-7ab0c89a58bd,Primary Tumor
338,TCGA-44-2655-11A-01R-1758-07,d4778869-f3f2-481b-ab02-65a654128766,Solid Tissue Normal
339,TCGA-78-7143-01A-11R-2039-07,231aa983-3ef3-476b-bdb3-bab9d66f71e6,Primary Tumor
340,TCGA-44-2656-01A-02R-0946-07,77819b24-ea90-427b-8a99-c9a90417c903,Primary Tumor
341,TCGA-44-6778-01A-11R-1858-07,c5a1245e-f3c5-4f42-afd6-9b12f01a6445,Primary Tumor
342,TCGA-55-8091-01A-11R-2241-07,3e752bb7-c91d-46f8-ba39-a40e26357b4d,Primary Tumor
343,TCGA-95-A4VN-01A-11R-A262-07,d84121c5-5421-43a4-825a-40f357ecc97b,Primary Tumor
344,TCGA-69-7979-01A-11R-2187-07,668d7295-629a-496a-b525-b5b8157baf11,Primary Tumor
345,TCGA-78-7633-01A-11R-2066-07,0f01f50f-495a-455d-986d-28c65e345a80,Primary Tumor
346,TCGA-J2-8192-01A-11R-2241-07,19bb0296-340e-4594-9a87-4134b15c7187,Primary Tumor
347,TCGA-49-AAQV-01A-11R-A39D-07,d05a80fc-d08a-47df-b7cd-0172b9977d46,Primary Tumor
348,TCGA-50-5946-02A-11R-2090-07,eb29ba2f-e237-403c-ab72-a5dfae705b05,Recurrent Tumor
349,TCGA-55-6982-11A-01R-1949-07,1a06f92b-21c5-4666-b666-8b9135a4482a,Solid Tissue Normal
350,TCGA-50-5930-11A-01R-1755-07,94913b2f-256e-4487-90ed-2c9b3869ca6b,Solid Tissue Normal
351,TCGA-55-8512-01A-11R-2403-07,c7ee3fa6-4a2f-4824-a098-91ce6c1223c3,Primary Tumor
352,TCGA-55-6971-11A-01R-1949-07,c36f84e5-8c59-46fe-af32-7f70684383b2,Solid Tissue Normal
353,TCGA-97-A4M5-01A-11R-A24X-07,f90939c7-6e24-4aa5-8c34-c1fc1b79e485,Primary Tumor
354,TCGA-50-5931-11A-01R-1858-07,94613d97-0a68-4212-beef-3c97a0b363ef,Solid Tissue Normal
355,TCGA-L9-A444-01A-21R-A24H-07,9bd26335-dd71-4821-b7d1-a4e24430fbb3,Primary Tumor
356,TCGA-78-7146-01A-11R-2039-07,df03bdab-42a9-4467-a767-b584bb60e926,Primary Tumor
357,TCGA-73-4662-01A-01R-1206-07,38bc7dc7-3a4f-4fd9-ad6d-306dc8a3b7f6,Primary Tumor
358,TCGA-55-8301-01A-11R-2287-07,5fa5664e-daf5-4082-8d39-703a5d650e43,Primary Tumor
359,TCGA-NJ-A4YP-01A-11R-A262-07,e3339500-9481-4a24-a3b8-65b86dabc920,Primary Tumor
360,TCGA-55-6982-01A-11R-1949-07,5c32fbb8-55ee-4bc9-a0db-d8ac0b04bdc4,Primary Tumor
361,TCGA-J2-A4AE-01A-21R-A24H-07,f2dbb2df-c98b-42d1-9fad-9708bc42fa03,Primary Tumor
362,TCGA-62-8399-01A-21R-2326-07,cc481383-4ebf-410c-8dd7-ef0b117bd035,Primary Tumor
363,TCGA-86-8055-01A-11R-2241-07,9bdba133-a1e0-4482-add2-af6493ebdbe5,Primary Tumor
364,TCGA-55-7573-01A-11R-2039-07,4f00f94a-f0db-4840-a230-3bc9866bc184,Primary Tumor
365,TCGA-55-7227-01A-11R-2039-07,47fc2fd2-84ce-49e2-8481-407d7a639042,Primary Tumor
366,TCGA-44-2662-01B-02R-A277-07,1ab1279d-7ccd-4450-8de8-9987bf6627dd,Primary Tumor
367,TCGA-95-7948-01A-11R-2187-07,218eb2f2-24b1-4e41-9071-26ed97a2edc1,Primary Tumor
368,TCGA-62-8402-01A-11R-2326-07,ab24be1b-969c-48f2-bc98-8b89bc719b4c,Primary Tumor
369,TCGA-49-AARR-01A-11R-A41B-07,05fa4573-6ca5-40dc-a48b-ec847b7c58ad,Primary Tumor
370,TCGA-86-A4P7-01A-11R-A24X-07,0c09a94d-8885-49fb-91c1-aa0ebf52386a,Primary Tumor
371,TCGA-50-5051-01A-21R-1858-07,929473bf-434c-438e-b16c-c34bfb0b98ea,Primary Tumor
372,TCGA-38-4625-01A-01R-1206-07,242a2880-95da-453f-892d-fafd49a4865e,Primary Tumor
373,TCGA-49-AARE-01A-11R-A41B-07,4089d037-ab25-47a6-be68-19742473cbc6,Primary Tumor
374,TCGA-73-A9RS-01A-11R-A41B-07,f7d58012-79f4-440f-add6-8a00728e96ba,Primary Tumor
375,TCGA-38-4626-01A-01R-1206-07,d1a18468-9c02-4d61-8e3e-43a6d23d402e,Primary Tumor
376,TCGA-55-6972-11A-01R-1949-07,a4b8b2f2-6a56-4999-bd95-c2c8e4aa3bd0,Solid Tissue Normal
377,TCGA-55-6969-11A-01R-1949-07,9ad544f6-b684-4a97-8d05-f812267962bb,Solid Tissue Normal
378,TCGA-49-4512-11A-01R-1858-07,09fb135f-1c19-45d6-ae31-a8c32a0e06bf,Solid Tissue Normal
379,TCGA-86-6562-01A-11R-1755-07,a135a2b4-bc6a-4dd6-baa9-f08ab2d4971a,Primary Tumor
380,TCGA-62-A472-01A-11R-A24H-07,7666bfbe-6803-4b5d-b3b4-e9069fc4bea5,Primary Tumor
381,TCGA-55-6975-11A-01R-1949-07,8dbb93bd-bf45-4148-acdb-6609d5c4a1e3,Solid Tissue Normal
382,TCGA-49-AARN-01A-21R-A41B-07,119e7a6c-7fd1-4a2d-bfdc-35cb13d39414,Primary Tumor
383,TCGA-05-4244-01A-01R-1107-07,ef337612-6a73-4c29-a8b0-85557cbeaff4,Primary Tumor
384,TCGA-93-7347-01A-11R-2187-07,45fe5e83-1e4a-4e0a-ac03-62ef32a90e77,Primary Tumor
385,TCGA-44-A4SU-01A-11R-A24X-07,5caf3127-967f-4d07-b49d-7126728e2048,Primary Tumor
386,TCGA-05-4398-01A-01R-1206-07,a308da6a-7eec-4a96-8884-d6ea49637744,Primary Tumor
387,TCGA-05-4382-01A-01R-1206-07,f2d6b758-501e-447a-a3d0-f899e532ac84,Primary Tumor
388,TCGA-38-4631-01A-01R-1755-07,cab5b00a-9cf2-4e1f-b2f3-93d27b73631e,Primary Tumor
389,TCGA-75-5122-01A-01R-1755-07,13f74ba9-96c5-4074-9589-3ce0e183c0e9,Primary Tumor
390,TCGA-78-7163-01A-12R-2066-07,669ce970-42a3-4797-bf9c-0de40a021bbf,Primary Tumor
391,TCGA-55-8299-01A-11R-2287-07,2a7831f2-aa57-4e6f-92b3-0a7a727d5637,Primary Tumor
392,TCGA-NJ-A4YF-01A-12R-A262-07,46a5c6c0-f460-4036-b3e6-eea9ec82ea14,Primary Tumor
393,TCGA-55-7911-01A-11R-2170-07,eeacf4ac-09cf-41a8-8066-c38a173e61b4,Primary Tumor
394,TCGA-49-AARO-01A-12R-A41B-07,3ca2ec6c-4134-4595-9c5e-68c886d3aa1c,Primary Tumor
395,TCGA-44-2668-01A-01R-A278-07,5f2d965a-25df-4736-a675-efeb59341a04,Primary Tumor
396,TCGA-86-8358-01A-11R-2326-07,5ecec8fc-845f-43cf-82c3-73dea85cc53c,Primary Tumor
397,TCGA-MP-A4T8-01A-11R-A24X-07,c343f781-c1df-4349-aab3-f159329a11da,Primary Tumor
398,TCGA-64-1681-01A-11R-2066-07,306febc7-f9b2-493a-9520-b9700d0f3e47,Primary Tumor
399,TCGA-55-8092-01A-11R-2241-07,133bfadb-ed2e-4b10-a5bf-46d31ade6dd4,Primary Tumor
400,TCGA-49-AAR0-01A-21R-A39D-07,cc640c34-516e-4cd8-a32c-d6f9b856696d,Primary Tumor
401,TCGA-49-6742-11A-01R-1858-07,0d1f21df-73b3-4dd0-9ad4-fd5c7a5d2424,Solid Tissue Normal
402,TCGA-55-8205-01A-11R-2241-07,c79162f6-be6e-46b1-aca7-438423fed6c3,Primary Tumor
403,TCGA-55-8615-01A-11R-2403-07,4c2a4d47-67dd-4c12-8f3b-1c55eb6fd00e,Primary Tumor
404,TCGA-05-4415-01A-22R-1858-07,892294a6-6b94-4284-bae3-9eb0bdc853f6,Primary Tumor
405,TCGA-49-6744-01A-11R-1858-07,1876b908-e911-464f-be23-2b4eae0a43b6,Primary Tumor
406,TCGA-62-8395-01A-11R-2326-07,37fe51a0-c056-492e-b0c5-eb0502d73416,Primary Tumor
407,TCGA-55-1594-01A-01R-0946-07,9ffe0bdc-838e-4715-8fd3-31f032c8f46e,Primary Tumor
408,TCGA-44-6146-01A-11R-A278-07,074b0792-df3c-4b59-9f50-793bc14bcb81,Primary Tumor
409,TCGA-MP-A4TC-01A-11R-A24X-07,2fa40914-d149-4f67-aa78-64723258314f,Primary Tumor
410,TCGA-86-8280-01A-11R-2287-07,afa5c7c4-02f8-4417-873c-378937f5fbbb,Primary Tumor
411,TCGA-78-7167-01A-11R-2066-07,4bd86df0-6768-4741-8d01-51fe34dd57fd,Primary Tumor
412,TCGA-64-5775-01A-01R-1628-07,c140ee8e-c45f-47fb-b214-c3c8cdde972e,Primary Tumor
413,TCGA-86-8073-01A-11R-2241-07,08d83462-5fcb-40c6-9d44-dbc42faa4df6,Primary Tumor
414,TCGA-95-7944-01A-11R-2187-07,a14f02d4-6d07-409d-af7a-5d5f23640ad6,Primary Tumor
415,TCGA-05-4403-01A-01R-1206-07,4981d1f3-2824-4cd0-81b8-e12a9727a248,Primary Tumor
416,TCGA-62-A46S-01A-11R-A24H-07,85feefbe-6aad-430b-a882-c71e4a5d1e07,Primary Tumor
417,TCGA-55-7903-01A-11R-2170-07,ae037177-0902-4c94-8e3c-632e240d3945,Primary Tumor
418,TCGA-55-7284-01B-11R-2241-07,75719c78-9935-40e0-bd30-1f8eec34badf,Primary Tumor
419,TCGA-75-5126-01A-01R-1755-07,e1638627-67cc-44f9-9a79-6748968a06af,Primary Tumor
420,TCGA-MP-A4TD-01A-32R-A262-07,df452e00-a7e9-4045-83fb-623885a542d4,Primary Tumor
421,TCGA-55-8506-01A-11R-2403-07,f51ce896-53bf-4f3b-ac5f-a499b84a7add,Primary Tumor
422,TCGA-86-A4JF-01A-11R-A24X-07,2c81c69f-e08a-4586-b3f9-33d4af417d1f,Primary Tumor
423,TCGA-44-2656-01B-06R-A277-07,c4bcc6b0-96a1-452b-9169-b4a16bcb9403,Primary Tumor
424,TCGA-97-A4M7-01A-11R-A24X-07,656fd74d-49d8-40a5-8eb9-dac0fbe4ea2d,Primary Tumor
425,TCGA-49-6767-01A-11R-1858-07,38cc1ced-6874-4aed-ab73-8c6344564cd6,Primary Tumor
426,TCGA-44-8120-01A-11R-2241-07,78d70b30-8812-4802-bca7-f1b8135b9cbd,Primary Tumor
427,TCGA-55-7576-01A-11R-2066-07,458042ad-bec8-4433-80da-70f517a440f7,Primary Tumor
428,TCGA-93-A4JP-01A-11R-A24X-07,de82c428-0b33-48e0-a337-42ac0a434a24,Primary Tumor
429,TCGA-50-5931-01A-11R-1755-07,69933ac8-e7a7-43b6-8231-2ecb35f88d52,Primary Tumor
430,TCGA-78-7162-01A-21R-2066-07,5edfb99b-ef38-4f97-a59b-efea8738442c,Primary Tumor
431,TCGA-91-6836-11A-01R-1858-07,e1a4e922-876b-45d1-8fb6-5d39dbf6ff60,Solid Tissue Normal
432,TCGA-05-5420-01A-01R-1628-07,b0eade9b-2ce4-4ffd-9db3-56958b452af6,Primary Tumor
433,TCGA-69-7763-01A-11R-2170-07,8a884668-03c2-44bb-8ea0-5b0d0bc68aa4,Primary Tumor
434,TCGA-86-7701-01A-11R-2170-07,66e79734-9053-4f61-9a32-bee376f5dab0,Primary Tumor
435,TCGA-44-4112-01A-01R-A278-07,9af8b2eb-3dbb-4688-a5fd-15abc0460f57,Primary Tumor
436,TCGA-L4-A4E6-01A-11R-A24H-07,7bc6d1c2-7d78-4b67-9c0d-8a836047f721,Primary Tumor
437,TCGA-44-7671-01A-11R-2066-07,1a4c524e-8e75-436e-8ccf-cce6ae3d6eb3,Primary Tumor
438,TCGA-67-6217-01A-11R-1755-07,7a26df49-5d12-4dc2-b686-07e015a415b0,Primary Tumor
439,TCGA-86-7714-01A-12R-2170-07,4f59681b-3811-4569-aa50-ed031f7e370a,Primary Tumor
440,TCGA-73-4658-01A-01R-1755-07,c568fdc8-6942-44ff-a9d9-3f7a03fdc62a,Primary Tumor
441,TCGA-NJ-A7XG-01A-12R-A39D-07,3c421a7f-8bde-4b4b-90e5-cf0ea11274ab,Primary Tumor
442,TCGA-44-A479-01A-31R-A24H-07,850bb68e-cea7-4d66-b044-24dbef74e255,Primary Tumor
443,TCGA-55-8087-01A-11R-2241-07,a4c14abb-5b10-41df-9da5-39f1ee194b7c,Primary Tumor
444,TCGA-38-4627-01A-01R-1206-07,08971a88-cb64-4030-93e5-08d77d2ed654,Primary Tumor
445,TCGA-69-8254-01A-11R-2287-07,e0ff7e04-078a-46a4-ac8c-8a287c1d608e,Primary Tumor
446,TCGA-55-7727-01A-11R-2170-07,3563bce2-6547-4081-883e-1e7e498c83be,Primary Tumor
447,TCGA-80-5608-01A-31R-1949-07,5695292b-7c39-4ee6-94e8-987f4a456635,Primary Tumor
448,TCGA-55-8513-01A-11R-2403-07,593e91b8-cbcd-4dbf-95ed-9dce881a430b,Primary Tumor
449,TCGA-75-5146-01A-01R-1628-07,62cdda72-a90e-49e7-9423-24540d696049,Primary Tumor
450,TCGA-91-6835-01A-11R-1858-07,8e14dba9-6132-483c-892b-b244704fdc38,Primary Tumor
451,TCGA-NJ-A4YG-01A-22R-A262-07,3973bbdc-bc07-4deb-955b-3c40e88a68be,Primary Tumor
452,TCGA-05-5715-01A-01R-1628-07,20daa4af-7d88-42c8-9279-34372e687e5d,Primary Tumor
453,TCGA-91-6847-01A-11R-1949-07,32046abb-8476-4e4f-8090-1ce003107490,Primary Tumor
454,TCGA-55-7570-01A-11R-2039-07,334cc9fa-3e9b-4462-b84d-dc595e89d537,Primary Tumor
455,TCGA-44-2665-11A-01R-1758-07,56e9a740-ee72-4c10-a90d-921034141b42,Solid Tissue Normal
456,TCGA-44-3918-01A-01R-A278-07,cff4fca2-d0e1-4e90-9d3c-639f995fc9ed,Primary Tumor
457,TCGA-55-6979-01A-11R-1949-07,765f26d4-120a-459d-90c7-74a8532b407c,Primary Tumor
458,TCGA-97-7546-01A-11R-2039-07,6bec00ac-81d0-4f29-bb4d-99102992914c,Primary Tumor
459,TCGA-71-6725-01A-11R-1858-07,1f911a28-0d7a-4f57-b358-cc6277b2008b,Primary Tumor
460,TCGA-44-3918-01B-02R-A277-07,ac98f8d2-fdc4-4925-8fce-7e86d7b89dec,Primary Tumor
461,TCGA-44-6144-11A-01R-1755-07,dc782ae2-13ec-4fcd-bae7-cafa8280d5ee,Solid Tissue Normal
462,TCGA-97-8177-01A-11R-2287-07,0e6fc8f1-34ca-4f3b-9d71-5a867e5efb07,Primary Tumor
463,TCGA-55-6969-01A-11R-1949-07,45d4b468-9089-46fd-8b5e-ad80a5148abd,Primary Tumor
464,TCGA-99-8032-01A-11R-2241-07,e98c7df6-1a65-41a0-9182-c752c89eafc7,Primary Tumor
465,TCGA-44-6145-01A-11R-1755-07,895ca581-915e-4057-b66a-dc2d5213d7e4,Primary Tumor
466,TCGA-78-7150-01A-21R-2039-07,8a518a19-2c85-42ec-b027-47139aa442d4,Primary Tumor
467,TCGA-49-6761-01A-31R-1949-07,5b99d571-43d2-4d26-9a3b-0a299a0ce048,Primary Tumor
468,TCGA-95-A4VK-01A-11R-A262-07,b6c69243-9731-4578-b037-ac997cbdc7dc,Primary Tumor
469,TCGA-69-8255-01A-11R-2287-07,157223aa-aab5-4522-8ff2-8104ea3561d9,Primary Tumor
470,TCGA-50-5939-01A-11R-1628-07,8148f34c-1ddd-454a-8761-8b76e97e8534,Primary Tumor
471,TCGA-44-5645-01A-01R-A278-07,1c9ada61-d900-4498-9ef1-14a91212faf6,Primary Tumor
472,TCGA-55-A491-01A-11R-A24H-07,987832ae-aab4-430f-abc1-8783736fbe69,Primary Tumor
473,TCGA-44-5645-01B-04R-A277-07,091d2c9e-a8cb-4212-a434-7c7d4fd75f7b,Primary Tumor
474,TCGA-95-7947-01A-11R-2187-07,8a898b7d-6f1b-4d2a-9f5d-0751ced1d7bf,Primary Tumor
475,TCGA-44-6776-11A-01R-1858-07,a5c19494-731c-4519-b8a7-b7307aea2f9c,Solid Tissue Normal
476,TCGA-86-8281-01A-11R-2287-07,bbbd3cd5-cfd3-418b-ab3a-243de430a5e1,Primary Tumor
477,TCGA-86-8054-01A-11R-2241-07,51c0568a-3e54-42a0-b805-0a90905cc865,Primary Tumor
478,TCGA-50-8457-01A-11R-2326-07,12c95903-cae1-4f9f-97c7-05ab05f4fd7f,Primary Tumor
479,TCGA-97-7941-01A-11R-2187-07,d4eb86d5-1952-449c-a5d7-20ccc04f0d07,Primary Tumor
480,TCGA-55-6978-11A-01R-1949-07,bbb426a9-806b-4417-a3cd-4dd1b0c87792,Solid Tissue Normal
481,TCGA-55-A4DF-01A-11R-A24H-07,023a34d9-c000-4053-b695-5b984b4a6fc1,Primary Tumor
482,TCGA-91-8497-01A-11R-2403-07,65f85615-96a2-4b3c-ac05-ab67d0bf9e99,Primary Tumor
483,TCGA-78-7160-01A-11R-2039-07,aaa72a07-5214-4145-9fb5-99c22b7c248a,Primary Tumor
484,TCGA-73-4677-01A-01R-1206-07,efc4983d-f573-4996-bf5c-5aaa1aafd730,Primary Tumor
485,TCGA-44-2668-01B-02R-A277-07,3e6105ba-3a23-4ac6-bf0d-1193fb2e679e,Primary Tumor
486,TCGA-49-4490-01A-21R-1858-07,2f2cc9dc-1d0a-4302-b674-02d56c259ff3,Primary Tumor
487,TCGA-MP-A5C7-01A-11R-A262-07,648b0d02-f264-4d88-9997-baed8f000a60,Primary Tumor
488,TCGA-75-5125-01A-01R-1755-07,f93cc1fb-b3d9-4b1e-94bf-54e40b505b34,Primary Tumor
489,TCGA-91-7771-01A-11R-2170-07,a4ed7fd8-e220-46e6-90f7-3b208dbf4e05,Primary Tumor
490,TCGA-35-4123-01A-01R-1107-07,5a7bd024-3d92-4e64-86bd-b6eea34f6526,Primary Tumor
491,TCGA-MP-A4SV-01A-11R-A24X-07,968c4aa2-2bcd-4823-b7fa-fbedc41ddb25,Primary Tumor
492,TCGA-62-A46V-01A-11R-A24H-07,fd52d8a9-e044-4f17-861a-9780752b20ee,Primary Tumor
493,TCGA-44-7659-01A-11R-2066-07,0737eb23-c066-4522-8f5c-dbb4b3b516b0,Primary Tumor
494,TCGA-38-A44F-01A-11R-A24H-07,7cb19688-bac4-41bf-b69e-977ac0da0aa1,Primary Tumor
495,TCGA-64-1677-01A-01R-0946-07,49453e81-56b8-43b7-b56f-6195038a1142,Primary Tumor
496,TCGA-50-5066-01A-01R-1628-07,cb6a3198-2662-4150-bee9-51b692968209,Primary Tumor
497,TCGA-44-6146-01A-11R-1755-07,7a2e7511-e77e-4805-82a3-cb9f5939ed26,Primary Tumor
498,TCGA-L9-A50W-01A-12R-A39D-07,0765d9e8-0fec-46bc-832a-89945435d5b1,Primary Tumor
499,TCGA-55-8302-01A-11R-2326-07,b5df8e57-5822-4192-a4a4-398d11e9d968,Primary Tumor
500,TCGA-44-2655-01A-01R-0946-07,eac5ebd0-d788-4908-8eb7-976d6b611667,Primary Tumor
501,TCGA-55-8507-01A-11R-2403-07,3976128b-36ba-4bf0-8121-867e89aba2c9,Primary Tumor
502,TCGA-62-8394-01A-11R-2326-07,7f827e47-e374-4c0e-8fec-b53018bfad03,Primary Tumor
503,TCGA-44-7660-01A-11R-2066-07,d52fa71c-9f59-407e-8481-d0ac47ba88b2,Primary Tumor
504,TCGA-95-7567-01A-11R-2066-07,b5b25f89-cd67-44e5-89bd-be2bc1def4d8,Primary Tumor
505,TCGA-MP-A4SY-01A-21R-A24X-07,6b6751a5-2dad-4bb4-bfae-b2239770fad8,Primary Tumor
506,TCGA-4B-A93V-01A-11R-A39D-07,dcff773b-20f4-4c90-9a3f-78ef2e0f484e,Primary Tumor
507,TCGA-05-4418-01A-01R-1206-07,7429ab01-a223-4be3-9b41-99100ea06d99,Primary Tumor
508,TCGA-44-8119-01A-11R-2241-07,e585878b-98af-4e3f-b03c-6b5a4e7a202c,Primary Tumor
509,TCGA-69-7974-01A-11R-2187-07,87d1edd3-df03-4046-a888-86baa85639b6,Primary Tumor
510,TCGA-NJ-A55O-01A-11R-A262-07,b0a1b626-c44b-4a95-b4a4-383fc63f8649,Primary Tumor
511,TCGA-38-4629-01A-02R-1206-07,6855a406-c085-45c7-b789-981786f0c775,Primary Tumor
512,TCGA-05-4422-01A-01R-1206-07,60477322-5657-495a-8ce3-4f806acd3dcb,Primary Tumor
513,TCGA-97-A4M0-01A-11R-A24X-07,4e27513c-172b-4d19-a397-ade6df353e6c,Primary Tumor
514,TCGA-86-8671-01A-11R-2403-07,58390e08-43b2-4517-b57c-ff899594e55a,Primary Tumor
515,TCGA-91-6848-01A-11R-1949-07,3d08a99f-46c1-4e06-a042-521a54ebbe1e,Primary Tumor
516,TCGA-55-1596-01A-01R-0946-07,e6b0ab3e-2b95-4803-91f8-cfa385fe0386,Primary Tumor
517,TCGA-44-2661-11A-01R-1758-07,359d07bf-89e3-49fd-8237-723ffb299cfb,Solid Tissue Normal
518,TCGA-49-4488-01A-01R-1755-07,e824e07e-86cd-43eb-8f36-c60f36194f3c,Primary Tumor
519,TCGA-55-5899-01A-11R-1628-07,7a3f27a9-476d-43e2-abb8-db402f80dfcf,Primary Tumor
520,TCGA-93-8067-01A-11R-2287-07,d86a1079-2f10-4c42-9b6a-14498715c4ad,Primary Tumor
521,TCGA-97-8547-01A-11R-2403-07,bb47dbbf-75f5-4bbf-bd1a-ca81383f211b,Primary Tumor
522,TCGA-95-A4VP-01A-21R-A262-07,a5e1a78c-7e7a-41e8-8c45-872028f6b5a0,Primary Tumor
523,TCGA-78-7154-01A-11R-2039-07,6c66987a-38f6-4125-8ac1-aa55921fcc26,Primary Tumor
524,TCGA-MP-A4TI-01A-21R-A24X-07,775f63d2-d752-4d68-abc1-129fce5c3301,Primary Tumor
525,TCGA-55-8616-01A-11R-2403-07,927beddd-e0e7-4695-b744-79f27519389e,Primary Tumor
526,TCGA-55-A48X-01A-11R-A24H-07,b06a3383-3a16-4f91-91c4-71cad60dae4b,Primary Tumor
527,TCGA-44-6148-01A-11R-1755-07,4a5c811e-d5d9-48d7-9bcc-4c9dc72df8f4,Primary Tumor
528,TCGA-55-6986-11A-01R-1949-07,3f474548-c7b2-4d5e-9f8d-03c800a094fe,Solid Tissue Normal
529,TCGA-55-6986-01A-11R-1949-07,ad6ae9d2-c6f5-4686-9b3c-45ea130493f3,Primary Tumor
530,TCGA-78-7153-01A-11R-2039-07,c2371da5-868b-4788-91ec-c9d4bd8d8085,Primary Tumor
531,TCGA-55-8207-01A-11R-2241-07,7c802f6c-03bd-4612-835f-c82f6b8f2137,Primary Tumor
532,TCGA-44-6775-01A-11R-A278-07,bbea4239-0ce8-4540-8818-d73d076b3aa6,Primary Tumor
533,TCGA-55-8505-01A-11R-2403-07,f8d97584-0c4f-4bb1-b4a7-77d87aabc852,Primary Tumor
534,TCGA-MN-A4N5-01A-11R-A24X-07,b6a0d742-e7bc-4d67-8014-675e62f1ddd0,Primary Tumor
535,TCGA-05-5428-01A-01R-1628-07,e17426a8-cf69-4ed4-b54e-cc33cbadf095,Primary Tumor
536,TCGA-69-7765-01A-11R-2170-07,0905662e-ae14-4807-94ef-69db108fa2ee,Primary Tumor
537,TCGA-44-2662-01A-01R-A278-07,946692ad-ed52-4bd8-85ac-efe5178b15b4,Primary Tumor
538,TCGA-93-A4JN-01A-11R-A24X-07,1aff8a31-97b2-4bde-ac5a-f3a958bf74dc,Primary Tumor
539,TCGA-44-7672-01A-11R-2066-07,475fdbbb-3d3a-4d56-8d0e-34dfb8cb6346,Primary Tumor
540,TCGA-55-7914-01A-11R-2170-07,2e5071ce-d8cf-46e5-9cc0-91353f0d643c,Primary Tumor
541,TCGA-55-6543-01A-11R-1755-07,cb93a89c-f291-4042-a988-0fb1b392e4d7,Primary Tumor
542,TCGA-L4-A4E5-01A-11R-A24X-07,de26de4a-c738-4a8b-a44a-0eab208c0db2,Primary Tumor
543,TCGA-50-6593-01A-11R-1755-07,ce886e9b-2167-486f-8d8a-d4fec39d86c9,Primary Tumor
544,TCGA-44-2665-01B-06R-A277-07,fc732523-d387-4a1d-ab81-34e44e869bac,Primary Tumor
545,TCGA-73-4670-01A-01R-1206-07,f4288244-7a1c-4a61-98f6-6c1a06ccde2d,Primary Tumor
546,TCGA-05-4250-01A-01R-1107-07,72db648d-0ff7-418b-b7bd-590eda282f74,Primary Tumor
547,TCGA-86-A456-01A-11R-A24H-07,52d91ece-345c-4c5d-800a-121955b93c66,Primary Tumor
548,TCGA-64-5781-01A-01R-1628-07,dfc3bc40-b667-4f75-a932-4074c0b0c408,Primary Tumor
549,TCGA-55-6984-01A-11R-1949-07,09296d1f-9877-438d-96d8-7b4cc52940dd,Primary Tumor
550,TCGA-55-6984-11A-01R-1949-07,53b14fb6-9f29-412a-921b-49e270fa2039,Solid Tissue Normal
551,TCGA-73-7498-01A-12R-2187-07,7181e057-0ec7-410b-b0fe-ff8de3d14d98,Primary Tumor
552,TCGA-73-4659-01A-01R-1206-07,6d0c282d-43d7-44fb-94e6-25771385e326,Primary Tumor
553,TCGA-78-7540-01A-11R-2066-07,477d7181-e081-4577-ac06-e508b1239989,Primary Tumor
554,TCGA-05-4384-01A-01R-1755-07,b4de06a8-883b-4d02-afc6-d926c588c4ee,Primary Tumor
555,TCGA-97-A4M3-01A-11R-A24X-07,92b4ef29-b45a-4ec4-9251-8d6fb32cde90,Primary Tumor
556,TCGA-91-6830-01A-11R-1949-07,472406b3-cc1a-407e-bf38-a79046cfa952,Primary Tumor
557,TCGA-44-7662-01A-11R-2066-07,ea47f0f6-aad1-4149-afb6-2026f64935f5,Primary Tumor
558,TCGA-49-4505-01A-01R-1206-07,b91d8293-6331-4f76-98f0-335ebce83539,Primary Tumor
559,TCGA-86-8075-01A-11R-2241-07,51054c11-8e2f-4f52-bdaf-ebb515508a28,Primary Tumor
560,TCGA-49-6745-11A-01R-1858-07,24079217-3899-4843-81fc-638293771d93,Solid Tissue Normal
561,TCGA-64-5778-01A-01R-1628-07,cb061496-b611-48bb-9484-c6ca07f9951e,Primary Tumor
562,TCGA-55-A492-01A-11R-A24H-07,0ece8b9b-d1c3-4f03-b70d-6bc06c6f52ce,Primary Tumor
563,TCGA-78-8655-01A-11R-2403-07,9940e2a8-6a68-4482-a1bc-2a6edb7d52cd,Primary Tumor
564,TCGA-55-8621-01A-11R-2403-07,8b26e78c-f162-48fc-8c1b-9628baa3ca62,Primary Tumor
565,TCGA-75-7030-01A-11R-1949-07,89785c02-2345-4fa3-b73b-4d9da706c972,Primary Tumor
566,TCGA-05-4425-01A-01R-1755-07,e6629c88-a050-41ed-afe7-e74255f4d3b1,Primary Tumor
567,TCGA-NJ-A55R-01A-11R-A262-07,db5e9553-ca85-4dcd-9229-2ac1ba208d52,Primary Tumor
568,TCGA-55-7574-01A-11R-2039-07,d3986831-ba2a-4a25-8eb0-b074cbd7edac,Primary Tumor
569,TCGA-99-7458-01A-11R-2039-07,9f0a9ce9-6258-4a82-84c1-dc017a7eb760,Primary Tumor
570,TCGA-75-6206-01A-11R-1755-07,9123a775-d686-49ab-90e7-0dc572c2fcaf,Primary Tumor
571,TCGA-49-6743-11A-01R-1858-07,c48eecc3-0099-4dd4-b319-f13ad65bdc7e,Solid Tissue Normal
572,TCGA-49-6743-01A-11R-1858-07,e9d3cac1-3a16-4e21-8fe8-a4944ce82cb8,Primary Tumor
573,TCGA-49-6745-01A-11R-1858-07,9db8b103-5f3a-439b-993c-14879744c30a,Primary Tumor
574,TCGA-75-6205-01A-11R-1755-07,cde8569f-d0a0-4f05-a86e-0f9d84361faf,Primary Tumor
575,TCGA-78-7148-01A-11R-2039-07,443ccb95-79d0-47ea-9915-18d5bc10eac4,Primary Tumor
576,TCGA-44-2657-01A-01R-1107-07,93db566e-8ff9-45b0-afa2-0fbe82b8f580,Primary Tumor
577,TCGA-67-6215-01A-11R-1755-07,edfdd711-4764-43a7-9948-4320dc17b2b1,Primary Tumor
578,TCGA-44-2657-11A-01R-1758-07,e39f6bf6-2206-45f2-a1c0-81fc1d858fd2,Solid Tissue Normal
579,TCGA-86-A4P8-01A-11R-A24X-07,1c5de7db-7e05-4289-ace6-b59b6e2392e7,Primary Tumor
580,TCGA-97-A4M2-01A-12R-A24X-07,270a13b3-158c-4251-8c6a-5bc5275e0ebb,Primary Tumor
581,TCGA-91-6829-01A-21R-1858-07,ffec28dd-cc44-4057-bcc3-ccc0cd2331c2,Primary Tumor
582,TCGA-L9-A5IP-01A-21R-A39D-07,04778fc1-a821-4029-a383-d88e711f3bee,Primary Tumor
583,TCGA-NJ-A4YI-01A-11R-A262-07,0b73f593-b6e8-4897-9b9b-f09e65e436b7,Primary Tumor
584,TCGA-44-A47B-01A-11R-A24H-07,ca34be5f-799c-4df4-af91-ec8a9e958d6c,Primary Tumor
585,TCGA-55-8204-01A-11R-2241-07,76ac1fee-bf40-463f-a4d8-cb9affe0e7c5,Primary Tumor
586,TCGA-50-5936-01A-11R-1628-07,055fcce9-7448-4a16-ad18-d235dac7ce97,Primary Tumor
587,TCGA-50-5936-11A-01R-1628-07,ad62355a-f287-49b2-84a9-64c0f5847c20,Solid Tissue Normal
588,TCGA-75-7025-01A-12R-1949-07,0766019a-c9b7-4224-973e-f1cfa16082ac,Primary Tumor
589,TCGA-73-4668-01A-01R-1206-07,239d18cb-2886-48a0-9a3d-76558819dabd,Primary Tumor
590,TCGA-91-6831-11A-02R-1858-07,7671d2c4-d6da-46d5-8ef0-baab496456d2,Solid Tissue Normal
591,TCGA-91-6831-01A-11R-1858-07,14d76abd-84f2-4875-8d03-5a27b4505715,Primary Tumor
592,TCGA-44-A47G-01A-21R-A24H-07,38ec487d-0a4a-4287-9c14-4bfdb959b402,Primary Tumor
593,TCGA-55-6980-11A-01R-1949-07,a8252e2f-1dbd-4f3c-9e11-599a33d6fd24,Solid Tissue Normal
594,TCGA-55-6980-01A-11R-1949-07,4b11527c-fb98-4ad4-aaac-6f0c6c1d185c,Primary Tumor
595,TCGA-44-A4SS-01A-11R-A24X-07,de18a680-86a5-4319-a332-42227d490aa5,Primary Tumor
596,TCGA-55-1595-01A-01R-0946-07,aabb1f03-8a4e-4d38-b09e-d9b56b5b921c,Primary Tumor
597,TCGA-55-8619-01A-11R-2403-07,b5c6258a-8591-4f96-81d5-8ecc931b57a8,Primary Tumor
598,TCGA-97-8171-01A-11R-2287-07,de38d138-723c-4256-98f4-2788f7cf1e87,Primary Tumor
599,TCGA-50-8459-01A-11R-2326-07,cfac28bf-001d-4db8-942a-d244f93139a7,Primary Tumor
600,TCGA-73-4675-01A-01R-1206-07,a60f0ff5-6f4c-43a1-8dda-10b882880bfc,Primary Tumor
